{"best_index": [2, 6, 9, 9, 7, 2, 8, 7], "best_epoch": [3, 7, 10, 10, 8, 3, 9, 8], "best_score": [[83.12786551197148, 83.75711960943858], [74.72924187725631], [91.08830076675736, 87.93813397609722], [90.66447007138935], [84.80392156862744, 89.08450704225352], [91.74311926605505], [58.29211024374039], [89.10798219114339, 88.75541570680312]], "best_score_str": "83.128/83.757 (3),74.729 (7),91.088/87.938 (10),90.664 (10),84.804/89.085 (8),91.743 (3),58.292 (9),89.108/88.755 (8)", "all_scores": [[[82.3841059602649, 83.50284784377543], [74.0072202166065], [89.14914667326242, 84.95593429580603], [90.33498077979132], [82.59803921568627, 87.06739526411657], [91.05504587155964], [50.72806068941901], [87.24935153237506, 86.82708823587406]], [[82.97503820682628, 83.38079739625712], [72.56317689530685], [90.23992085085332, 87.28081485301702], [90.07871133077063], [83.33333333333334, 88.02816901408451], [91.28440366972477], [52.86156744059349], [87.99387947724233, 87.74779576813233]], [[83.12786551197148, 83.75711960943858], [72.92418772563177], [90.36853821419739, 87.16037984700607], [89.8956617243273], [83.57843137254902, 88.30715532286212], [91.74311926605505], [53.90693635419077], [87.99374351029842, 87.69965685114805]], [[83.2603158430973, 83.3706265256306], [72.92418772563177], [90.66287410338857, 87.3960802644319], [90.31667581914698], [83.82352941176471, 87.91208791208791], [91.39908256880734], [56.503225581458295], [88.32308659555316, 87.94606444429998]], [[82.98522669383597, 82.77054515866558], [72.20216606498195], [90.91021518674252, 87.80811465348506], [90.31667581914698], [83.82352941176471, 88.29787234042553], [91.62844036697247], [55.46666671852067], [88.51582233081399, 88.18136249697044]], [[83.07692307692308, 83.13669650122051], [73.28519855595668], [90.78901805589908, 87.4899220639613], [90.62786015010069], [84.06862745098039, 88.61646234676007], [89.90825688073394], [57.535934835985316], [88.83331082819105, 88.4661688365884]], [[83.21956189505858, 83.23840520748577], [74.72924187725631], [90.94978976007914, 87.7301230676369], [90.51803038623467], [84.31372549019608, 88.65248226950355], [90.82568807339449], [57.52407929937235], [88.86432722371049, 88.4816248211646]], [[82.9240957717779, 82.92310821806346], [73.6462093862816], [90.94731634924561, 87.7016129032258], [90.60955518945634], [84.80392156862744, 89.08450704225352], [91.39908256880734], [58.2897151722857], [89.10798219114339, 88.75541570680312]], [[83.2093734080489, 83.16720911310009], [72.56317689530685], [91.05614642592134, 87.84782900927543], [90.536335346879], [83.57843137254902, 87.92792792792793], [90.94036697247707], [58.29211024374039], [89.11444983626889, 88.73674569653645]], [[83.35201222618441, 83.39096826688365], [73.6462093862816], [91.08830076675736, 87.93813397609722], [90.66447007138935], [84.55882352941177, 88.77005347593582], [90.71100917431193], [58.03715696880752], [89.1141331470151, 88.74794008431843]]]}