{"best_index": [9, 8, 9, 4, 4, 3, 9, 7], "best_epoch": [10, 9, 10, 5, 5, 4, 10, 8], "best_score": [[83.69842078451349, 83.39096826688365], [79.06137184115524], [91.34306208261192, 88.27234955099853], [91.08548416620904], [85.29411764705883, 89.39929328621908], [92.31651376146789], [54.20036503219092], [89.27914801156479, 89.01993050087673]], "best_score_str": "83.698/83.391 (10),79.061 (9),91.343/88.272 (10),91.085 (5),85.294/89.399 (5),92.317 (4),54.200 (10),89.279/89.020 (8)", "all_scores": [[[82.45542536933266, 82.87225386493084], [76.17328519855594], [90.44274053920356, 87.0326867575005], [90.20684605528098], [10.80392156862744, 5.6861313868613], [90.82568807339449], [53.486473818125354], [87.88311650229994, 87.69392483790483]], [[83.05654610290372, 82.90276647681041], [78.33935018050542], [90.49220875587434, 87.24872288197439], [90.46311550430165], [82.84313725490196, 87.54448398576513], [91.62844036697247], [50.577268010159585], [88.71706378396465, 88.46893563144796]], [[82.11920529801324, 82.12978030919447], [77.6173285198556], [90.68266139005688, 87.6617208738659], [90.0604063701263], [84.80392156862744, 89.04593639575971], [91.85779816513761], [50.888519614375824], [88.54459053288811, 88.26345554394389]], [[83.0667345899134, 82.78071602929211], [77.9783393501805], [91.01409844175117, 87.72842425266002], [91.04887424492037], [84.80392156862744, 89.00709219858156], [92.31651376146789], [51.020083742075585], [88.93445932607918, 88.6505823481311]], [[82.12939378502291, 82.32302685109846], [77.9783393501805], [90.93247588424437, 87.75632890254491], [91.08548416620904], [85.29411764705883, 89.39929328621908], [91.1697247706422], [52.59258925916567], [89.00189616697295, 88.76462611913605]], [[83.04635761589404, 82.89259560618389], [78.70036101083032], [91.01657185258472, 87.77022021684961], [90.82921471718835], [85.04901960784314, 89.04847396768403], [90.59633027522935], [53.90439985632989], [89.20376354886604, 88.91017999052121]], [[83.2093734080489, 82.95362082994305], [78.33935018050542], [90.98194410091516, 87.94391905297267], [90.77429983525536], [84.31372549019608, 88.44765342960288], [91.28440366972477], [53.4406644277161], [89.20155303789402, 88.9294661618883]], [[83.38257768721344, 83.12652563059399], [77.6173285198556], [91.0215186742518, 87.59059209626692], [90.70107999267802], [84.55882352941177, 88.44036697247705], [91.39908256880734], [52.39281598926565], [89.27914801156479, 89.01993050087673]], [[83.55578196637799, 83.14686737184704], [79.06137184115524], [91.24412564927034, 88.11601987377468], [91.01226432363171], [84.55882352941177, 88.48263254113347], [91.1697247706422], [52.856769613211064], [89.20711254262632, 89.01399668613257]], [[83.69842078451349, 83.39096826688365], [78.70036101083032], [91.34306208261192, 88.27234955099853], [90.86582463847702], [84.55882352941177, 88.52459016393443], [91.39908256880734], [54.20036503219092], [0.24689224937853, 89.01408637799818]]]}