{"best_index": [9, 9, 9, 0, 6, 3, 8, 8], "best_epoch": [10, 10, 10, 1, 7, 4, 9, 9], "best_score": [[83.16861946001019, 83.19772172497966], [77.25631768953069], [91.0413059609201, 87.84726882297677], [90.88412959912137], [87.74509803921569, 91.2280701754386], [91.85779816513761], [58.06473000395166], [89.71572797858988, 89.38165536646055]], "best_score_str": "83.169/83.198 (10),77.256 (10),91.041/87.847 (10),90.884 (1),87.745/91.228 (7),91.858 (4),58.065 (9),89.716/89.382 (9)", "all_scores": [[[82.41467142129395, 82.80105777054516], [72.92418772563177], [89.57457333663122, 85.9364051916853], [90.88412959912137], [84.31372549019608, 89.00343642611685], [90.82568807339449], [52.19316798836575], [87.71264705412005, 87.37789230283248]], [[82.60825267447784, 83.12652563059399], [70.3971119133574], [90.0816225575068, 86.99824914078205], [90.15193117334798], [85.04901960784314, 89.16518650088811], [91.5137614678899], [57.565840039155525], [88.26418536812118, 88.10240921502313]], [[82.84258787570046, 83.39096826688365], [73.6462093862816], [90.35617116002969, 87.1595587024535], [90.64616511074502], [85.7843137254902, 89.96539792387543], [91.39908256880734], [56.245532335716454], [88.95868027635174, 88.69105918132583]], [[82.94447274579724, 83.08584214808788], [72.56317689530685], [90.55404402671283, 87.37562394631583], [90.24345597656965], [84.55882352941177, 88.48263254113347], [91.85779816513761], [56.57894359264041], [89.0529945252915, 88.70521507400413]], [[82.31278655119715, 82.8620829943043], [73.28519855595668], [90.75686371506308, 87.55370524562865], [90.02379644883763], [87.00980392156863, 90.5861456483126], [91.62844036697247], [57.063556044501475], [89.23225068720728, 88.89829685319836]], [[82.7712684666327, 83.0553295362083], [75.45126353790613], [90.72470937422706, 87.49583194398133], [90.26176093721399], [87.00980392156863, 90.81455805892547], [91.5137614678899], [57.05082043516121], [89.56987500510186, 89.27183851796853]], [[82.88334182373917, 83.14686737184704], [76.53429602888086], [90.72965619589414, 87.59597564204394], [89.8407468423943], [87.74509803921569, 91.2280701754386], [90.59633027522935], [57.62564573315502], [89.57517268505107, 89.18688482888707]], [[82.8731533367295, 83.2485760781123], [75.81227436823104], [90.8459065050705, 87.43933480400474], [90.0054914881933], [87.00980392156863, 90.55258467023172], [90.94036697247707], [56.75730029368427], [89.63575396537084, 89.3271520123809]], [[82.93428425878757, 83.20789259560618], [76.89530685920577], [91.03388572841949, 87.82535684298908], [90.35328574043567], [87.5, 90.97345132743364], [91.74311926605505], [58.06473000395166], [89.71572797858988, 89.38165536646055]], [[83.16861946001019, 83.19772172497966], [77.25631768953069], [91.0413059609201, 87.84726882297677], [90.28006589785832], [87.5, 91.06830122591944], [91.39908256880734], [55.64748164739529], [89.70737945105108, 89.38766872985305]]]}